Dialogue_ID,Utterance_ID,Speaker,Utterance,Emotion
4,1,Ross,Hi!,joy
4,8,Rachel,"Oh well, the woman I interviewed with was pretty tough, but y'know thank God Mark coached me, because once I started talking about the fall line, she got all happy and wouldnt shut up.",joy
4,9,Ross,Im so proud of you.,joy
4,10,Rachel,Me too!,joy
15,15,Professore Clerk,Or we could throw you both in,joy
15,21,Ross,And most importantly I... you-you will have to catch us first.,joy
15,22,Ross,"GO, GO, GO!",joy
16,0,Ross,"Go, go, go!",joy
16,1,Rachel,"Oh yeah, now everybody wants to be under this hat!",joy
20,1,Joey,"Oh, unbelievable! We had the best time!",joy
20,2,Phoebe,"Yay!! Oh so, youre not, youre not mad at us anymore?",joy
20,3,Joey,No!,joy
20,4,Joey,No!,joy
20,5,Joey,No!,joy
20,6,Joey,You guys were totally right!,joy
20,7,Joey,This is so much better than the first time we went out.,joy
20,12,Joey,And!,joy
20,13,Joey,We have so much in common!,joy
20,14,Joey,"She loves sandwiches, sports, although she is a Met fan, not much of an issue now but if we were ever to have kids, well thats a",joy
21,2,Monica,Would you look at her? She is so peaceful.,joy
21,13,Phoebe,Thanks.,joy
24,3,Ross,Pa-haa!! I would love to go with you.,joy
24,7,Rachel,"Okay. Honey, I would love for you to go with me.  What?",joy
25,0,Mr. Treeger,": I know, we did it!! Hey, that was incredible, huh?!",joy
25,1,Joey,"I know, it was amazing! I mean, we totally nailed it, it was beautiful.",joy
25,2,Mr. Treeger,": Thank you, listen, thanks a lot Tribbiani, . Oh my God, look at the time, I gotta catch the bus to the ball.",joy
25,3,Joey,"Oh well, okay, good luck.",joy
26,5,Ross,Yes!! I knew it!!  Bye-bye! So long! Later!,joy
26,6,Joey,Oh this is great! I might actually get to play Ben's dad!,joy
26,7,Ross,Yeah!,joy
35,1,Phoebe,I did it!,joy
35,2,Phoebe,I rode a bike!,joy
35,3,Phoebe,I never thought Id be able to do that!,joy
35,4,Phoebe,Thank you Ross.,joy
35,5,Ross,"Oh hey, dont thank me, thank yourself. Youre the one who faced her fears and ultimately overcame them.",joy
37,1,Joey,Wow! This looks great!,joy
37,2,Monica,"Yeah! Okay, this one is a mushroom cap.  Umm, this one is made of bologna.",joy
46,0,Monica,Because we won our apartment back!,joy
46,8,Chandler,Yeah baby!,joy
46,9,Monica,"But, we pick again! We pick again!",joy
46,12,Chandler,Tickets please!  Thats courtside baby!,joy
46,14,Chandler,No they didnt!,joy
53,0,Richard,Hi!,joy
53,1,Monica,Richard!,joy
53,6,Richard,"Well, it was great seeing you the other night.",joy
53,8,Richard,No! I came here to tell you something else.  I came here  to tell you I still love you.,joy
62,1,Bob,Hey! Hows my pal Toby doing today?,joy
62,3,Bob,Toby!,joy
62,5,Chandler,Yeah!,joy
64,5,Phoebe,Oo! You should have one of us do it!,joy
64,7,Phoebe,No! No! Its-its uh a real thing! Anyone can get ordained on the Internet and perform like weddings and stuff!,joy
64,8,Joey,I call it!!,joy
65,0,Ross,"See, I see.... big passion in your future.",joy
65,3,Rachel,"Oh Ross, you're so great. [she playfully rubs his head and gets up]",joy
66,9,Monica,"I love you, too.",joy
66,10,Phoebe,"Aww, good.  What?",joy
67,2,Rachel,I would love to live with you Ross.. thats-thats great! Thank you!,joy
67,5,Rachel,"Ross-Ross, you have no idea what this means to me!",joy
67,7,Rachel,You just saved me!,joy
67,8,Rachel,Youre my hero!,joy
67,10,Rachel,"Oh, I have to go tell Monica what a wonderful brother she has!",joy
67,11,Ross,"Oh please!   Youre gonna say things now, arent ya?",joy
76,5,Rachel,It was an amazing night.,joy
76,6,Ross,It was. It was an amazing night.,joy
94,10,Rachel,Say more things like that.,joy
94,11,Joanna,"You can have your own office, and a raise! Effective tomorrow.",joy
94,13,Joanna,Done!,joy
94,15,Joanna,"Sophie, get in here!",joy
95,0,Rachel,Monica? You gonna be very proud of me. I just got us dates with two unbelievably cute nurses.,joy
95,4,Rachel,"Anyway, they want to take us out Saturday night! What do you say?",joy
95,5,Monica,Umm.  Umm. Umm. I don't think so.,joy
99,0,Chandler,Hey!,joy
99,1,Monica,Hey!,joy
99,2,Chandler,Yknow Im-Im really glad we decided not to sleep together before the wedding.,joy
99,3,Monica,"Oh boy, me too!",joy
99,8,Chandler,Thats me! Come on!,joy
99,13,Chandler,Hi! Nice to meet you!,joy
103,0,Kristen,"Umm, this is great wine.",joy
103,3,Ross,"Uh-hmmWait! It gets better. Um, yeah I was in Barcelona.",joy
103,6,Kristen,I love hiking!,joy
103,7,Ross,Oh thats great! I was hiking along the foothills of Mount Tibidaybo,joy
109,4,Monica,"Very good,  so good.",joy
109,5,Phoebe,"I really, really enjoyed it. Very exotic.",joy
109,9,Phoebe,Come on! Look where you are!!,joy
109,21,Monica,I think somebody needs another lap dance.,joy
121,1,Monica,"Yeah, come on, we can be guys!",joy
121,2,Chandler,No you cant.,joy
122,7,Monica,"Aww, the only reason you want to go out with me because my blond wig, and the big boobs, and the fact that I serve you food.",joy
122,8,Pete,"Well, if that were true, Id dating my Aunt Ruth.",joy
124,0,Ross,I know I miss you too. I can't wait to see you. I love you. Bye.,joy
124,5,Joey,"Ohh. Hey, remember when I ran into this thing  and it kinda knocked me out a little?",joy
124,6,Ross,"I loved this place! To tell you the truth, I wish I didn't have to move.",joy
124,11,Joey,"Hey, you guys! Look what I found in the giiiiiiift shop.  Get up! Get up! Get up!",joy
126,0,The Singing Man,"Mornings here! Sunshine is here! The sky is clear, the mornings here! The mornings here!",joy
126,2,The Singing Man,Oh come on! Mornings here!  Mornings here! The morning is here! Sunshine is here!,joy
126,4,Joey,Are you kidding? I love that guy!  Mornings here! Morning is here,joy
128,2,Phoebe,"Great, lets begin.  Hows the pressure?",joy
128,3,Monica,Nice! Wow Phoebe you are good!,joy
128,4,Phoebe,"Stating the obvious, but thank you. And its not weird is it.",joy
128,5,Monica,No. Ooohh,joy
128,7,Monica,Oh. Oh yeah! Ohhhhh! Ohh! Oh yeah!,joy
128,9,Monica,Oh God Phoebe!!  Oh thats it! Thats it! Right there! Oh!  Ooooh-oooh-ooooh,joy
130,0,Rachel,Hi Joey! What are you doing here?,joy
130,17,Joey,"Sure, no problem.  OohHey, donuts!",joy
138,2,Rachel,"Wow, that feels so good to get off my chest!",joy
138,10,Monica,Well. Sounds like you're writing yourself a little play there Rach. Wow! Let me know how that one turns out.,joy
151,0,Rachel,"Okay! So, well just stay married.",joy
151,1,Ross,"Yes, exactly!",joy
151,2,Rachel,And I will make everyone call me Mrs. Geller!,joy
151,3,Ross,"Wow! This is so amazing. I uh, I really thought Id have to talk you into this more.",joy
151,9,Ross,I mean you fill some form out once and a while and instead of checking the box that says Ms you check the box that says Mrs.!,joy
154,0,Rachel,Ohhh! That is soo sweet!,joy
154,1,Mark,"Okay, okay look, I know I'm being Mr. Inappropriate today, but it's just so tough, I mean see you walking around and I just wanna touch you and hold you, come on no one's around, just, just kiss me.",joy
155,2,Mona,Hey its Mona! From the wedding.,joy
155,3,Ross,Oh hi!,joy
155,4,Mona,Hi!,joy
155,7,Ross,"Oh thats right. Well uh, would you be interested in seeing a Ukrainian film?",joy
155,9,Ross,Great! Well umm,joy
160,1,Rachel,"Hi, sweetie!",joy
160,10,Ross,"But work comes first!  Oh hey, but that?s sad about you though, what happened? Burn out? Burn all out, did ya?",joy
160,12,Ross,"Oh well that?s great, so I guess this is ah, this is good bye then. Huh?  Good bye.",joy
164,8,Rachel,"Yeah, maybe...",joy
164,9,Ross,"Okay... okay, maybe I will...",joy
165,1,Joey,"Well, youre amazing.",joy
165,5,Joey,"Oh, you are the best friends anyone has ever had.",joy
165,7,Joey,"Oh-no-no-no, you are!",joy
165,8,Joey,"You do this, you give me the great advice, and hey listen, I was thinking about what you said yesterday about focusing on one woman, Im gonna do that.",joy
165,16,Joey,I think somebodys got a little crush on Casey.,joy
165,17,Joey,How bout I fix you two up?,joy
165,18,Joey,What do you think?,joy
165,19,Chandler,That all the pieces of my life are falling right into place!,joy
169,0,Ross,Come on!,joy
169,1,Rachel,"Oh wait, dont you have to pay for your,  Busty Ladies?",joy
172,3,David,It's brilliant!,joy
172,4,David,"Goodbye Mike, we'll see you at the wedding, fella!",joy
172,8,Chandler,"Well, you're welcome! Glad I could help.",joy
173,0,Phoebe,"Okay, you have 19 questions left. Use them wisely.  Come on Joey! You cant win if you dont ask any",joy
173,2,Phoebe,"Well, you promised me a fun road trip!",joy
173,10,Hitchhiker,Morning!,joy
175,1,Monica,You owe me 20 bucks.,joy
175,2,Rachel,Thank you. Thank you so much!,joy
183,2,Phoebe,Ta-da.,joy
183,5,Duncan,"Ahh, look at you, you look great.",joy
183,9,Phoebe,"So, wow, this is pretty wonerful, huh.",joy
183,12,Duncan,You always said I'd make it.,joy
183,19,Phoebe,"Um, the matador.  Ole, ha ha ha.",joy
186,0,Gary,I really like waking up with you.,joy
186,1,Phoebe,"I like waking up with you too.  Oh! It's such a beautiful morning.  Oh, I can stay here all day.",joy
186,2,Gary,That would be great!,joy
186,3,Phoebe,We could have breakfast in bed,joy
189,5,Rachel,There he is!,joy
189,14,Joey,He hooked up!! Tell us about her!,joy
192,3,Ross,"But I dont care,  because you got the apartment.",joy
192,4,Ross,Yes!,joy
192,6,Joey,Isnt that great?,joy
193,1,Leslie,"Wow, thats great.",joy
193,2,Phoebe,"Oh, yeah!",joy
195,2,Rachel,"Okay, great.",joy
195,4,Ross,Thank you.,joy
195,19,Rachel,"Honey, hes about to go hit on Isabella Rosselini. Im just sorry we dont got popcorn.",joy
200,7,Joey,Ooooh! Freeze him out.,joy
200,8,Ross,Thats right!,joy
200,9,Joey,I like it!,joy
201,2,Elizabeth,Oh good.,joy
201,8,Elizabeth,You are so adorable.,joy
201,9,Ross,That! Lets talk about that.,joy
202,0,Chandler,Hey!,joy
202,8,Phoebe,I did it! I took care of the babies all by myself!,joy
205,4,Phoebe,"See, there you go, the cleansing works!",joy
205,6,Rachel,"Oh, they're firemen guys.",joy
219,0,Chandler,You did look like an idiot.,joy
219,3,Joey,"Remember when Ross tried to say, ""Butternut squash?""",joy
219,4,Joey,"And it came out, ""Squatternut buash?""",joy
222,0,Doug,Bing! Ho! And the Bing-ette!,joy
222,3,Doug,"Hi. So good news, the divorce is final. I signed the papers this A.M.",joy
222,5,Doug,"Sorry? Finally chewed my leg out of that bear trap. Hey, congratulations to you guys though!",joy
222,8,Doug,"So the divorce, the marriage, weve got a lot to celebrate.",joy
222,11,Doug,"Tomorrow night it is then, I should be out of court by six.",joy
222,12,Doug,They keep throwing these sexual harassment cases at me and I keep knocking them out of the park!,joy
222,13,Monica,"Okay, Ill see you tomorrow!",joy
224,4,Joey,"Me too! Theres a game on Tuesday, do you wanna go?",joy
224,5,Jake,Yeah that would be great! Let me make sure Im not doing anything Tuesday.,joy
225,2,Carol,"Ahh, nooo!!",joy
225,3,Ross,"Oh, great!",joy
225,6,Carol,"Youre a genius, Ross.",joy
226,1,Danny,"Oh wow, you look great! Glad you could make it.",joy
226,9,Danny,You two could really hit it off! I'm gonna go mingle.,joy
226,19,Rachel,Man! He just keeps lobbing them up and I just keep knocking them right out of the park!,joy
226,21,Rachel,Yeah!,joy
228,4,Phoebe,Uh-huh!,joy
228,5,Joey,Wow! Cool!,joy
245,0,Phoebe,"Oh, great!",joy
245,1,Phoebe,"We couldnt keep our eyes off each other all night and then every once and a while yknow, hed kinda lean over and stroke my hair and touch my neck.",joy
245,2,Monica,"Okay, stop it Phoebe, youre getting me all tingly.",joy
245,3,Phoebe,"All I could think of was yknow, ""Is he gonna kiss me? Is he gonna kiss me?""",joy
245,5,Phoebe,"Im a lady Monica, I dont kiss and tell. But this hickey speaks for itself.",joy
245,7,Phoebe,I just like him so much that I just feel like Ive had 10 drinks today and Ive only had six.,joy
245,8,Monica,"Oh, I havent had that feeling since I first started going out with Chandler.",joy
252,14,Joey,"He- he- he got in, he- he got in to San Diego.",joy
252,17,Ross,"He's in! Oh, did you hear that, Marcel? San Diego. San Diego!",joy
253,1,Chandler,Really helped speed the process along!,joy
253,5,Janice,I don't allow porn at home so    this is like a vacation for him.,joy
253,8,Chandler,Yeah! yeah... The hard part is over!,joy
253,10,Chandler,I haven't... I haven't even thought about the results yet...    I just assumed that everything was gonna be ok.,joy
255,5,Young Ethan,I wasn't thinking. I was too busy fallin'...,joy
255,7,Young Ethan,...in love with you.,joy
255,12,Monica,"Oh god, oh god.",joy
263,6,Monica,"Op, can I just tell you something? Very flattered but umm, Im engaged.",joy
263,8,Phoebe,"I did, but that was really fun.",joy
264,4,Chandler,"Okay, are you aware unagi  is an eel?",joy
264,15,Ross,"But you-you-you could write that umm, your love lets me orbit the moon twice and return safely.",joy
270,1,Rachel,Hey Ross! I brought reinforcements.,joy
270,2,Ross,"Oh great! What, you brought Joey?",joy
271,1,Katie,"Ohh, Joey has the nicest friends!",joy
271,2,Rachel,"Ohh, and the nicest girlfriend!",joy
271,3,Katie,You're so sweet!,joy
271,4,Rachel,"Ohh, you're so sweet!",joy
274,5,Chandler,You lost the ring!,joy
274,9,Joey,"I go to bed last night, everythings cool!",joy
278,1,Phoebe,So you like the drums!,joy
278,2,Phoebe,"That's, that's great!",joy
278,5,Phoebe,"So, yay!",joy
278,7,Joey,Tequila!!,joy
278,8,Phoebe,That's fun.,joy
281,0,Joey,Pheebs!,joy
281,1,Phoebe,Hey!,joy
287,7,Joey,"I'm thinkin', cha-ching!",joy
287,12,Chandler,"Yes! Way to go, man!  Still got the egg, huh?",joy
293,8,Joey,"Well, actually I got a little bit saved for you Pheebs.",joy
293,12,Phoebe,"""You wish.""",joy
297,1,Monica,"Oh. Thank you. Ohhh, thank you very much. Oh, thank you for coming.  Uh, just a second!",joy
297,4,Phoebe,Yeah!,joy
297,6,Phoebe,"No, you have to let me in right now!!",joy
297,8,Phoebe,Yes!,joy
306,0,Ross,"Umm, candles, champagne, yeah anniversaries are great.",joy
306,1,Ross,"Cause you know love lasts forever, y'know.",joy
306,3,Carol,"Oh God, Ross I am so sorry.",joy
306,5,Ross,"Oh yeah, Id love that.",joy
306,6,Carol,"Oh, great! Me too.",joy
314,0,Rachel,"Isnt it incredible?! Monica and Chandler, gettin married.",joy
314,1,Phoebe,"I know, theyre gonna be",joy
314,2,Rachel,"Ohh I mean two best friends falling in love, how often does that happen?",joy
314,4,Rachel,No! Im so happy for them!,joy
314,5,Phoebe,Me too! So happy for them!,joy
314,9,Phoebe,Totally. Im like 90/10.,joy
319,1,Monica,"Ooh, nice.",joy
319,14,Pete,"I want to become the Ultimate Fighting Champion! Its the most intense physical competition in the world, its banned in 49 states!",joy
319,17,Monica,And I suppose you used a ring designer for that.,joy
319,19,Pete,"Monica, I want you there in the front row when I win.",joy
319,20,Pete,I want you close enough to smell the blood.,joy
320,5,Monica,Why would you do that?,joy
320,17,Chandler,Oh yeah.,joy
321,0,Phoebe,Hey!,joy
321,1,Eric,Welcome back!,joy
321,2,Phoebe,Hey!  Can we pick up where we left off?,joy
321,7,Eric,Our sex.,joy
328,6,Jill,"Okay, see ya!",joy
328,7,Joey,Bye-bye,joy
329,0,Monica,"How about, youre moving!!",joy
329,3,Rachel,Great! Monicas moving!,joy
331,8,Monica,"See, didn't I tell you?! You're getting over Ross already!",joy
331,9,Gunther,Get out!,joy
336,1,Chandler,I spelled out boobies.,joy
336,15,Ross,"Okay, the other night I was leaving the museum just as Laser Floyd was letting out of the planetarium, without even trying I sold 50 boxes!",joy
336,16,Ross,"Thats when it occurred to me, the key to my success, the munchies. So I ah, started hitting the NYU dorms around midnight.",joy
336,17,Ross,I am selling cookies by the case.,joy
336,18,Ross,They call me: 'Cookie Dude!',joy
336,21,Chandler,Me! On my computer.,joy
337,4,Ross,Thread!,joy
337,5,Chandler,Score! Where are the disposable cameras?,joy
344,0,Joey,Very funny Ross!,joy
344,6,Monica,"Get in there man! Flirt back, mix it up!",joy
344,7,Joey,"Yeah, I-I-I'm down with that.",joy
344,11,Joey,She's waving me over.,joy
344,12,Joey,"Okay, I-I-I'll be right over.",joy
350,1,Monica,"I know, it is isnt it?",joy
350,2,Chandler,"No, I mean it, this feels really good. Is it a hundred percent cotton?",joy
350,3,Monica,"Yeah! And I got it on sale, too.",joy
351,8,Ross,"Oh but not that way. I meanI mean Im not in love with her. I love her like a, like a friend.",joy
351,11,Mona,Wh,joy
351,15,Ross,"Im sorry. Dr. Green, Mona. Mona, Dr. Green.",joy
354,8,Joey,"""Oh, Chandler, now, now, that's it. There, faster!""",joy
354,10,Rachel,We won. We won!,joy
359,4,Ross,"No, no, that-that, thats all right. Umm, Im just glad you called.",joy
359,5,Emily,"Ross umm, theres something that Ive got to tell you, theres-theres someone else.",joy
361,6,Ross,"Okay, Elizabeth Hurely....",joy
361,10,Ross,And!! Isabella Rosselini.,joy
361,11,Chandler,"Ooh-hoo. Very hot, very sexy. But ah, y'know shes too international, y'know shes never gonna be around.",joy
372,1,Phoebe,"Nothing, nothing.",joy
372,2,Roger,"Aaaah, what's wrong, c'mon.",joy
372,8,Phoebe,But they don't see all the wonderfulness that I see.,joy
372,10,Phoebe,They just think you're a little...,joy
374,0,Monica,I cant believe were here.,joy
374,14,Woman,We just want to be together.,joy
375,0,Mr. Zelner,Yes!,joy
375,2,Rachel,Oh God I'm sorry!,joy
375,3,Rachel,"Oh God, I'm sorry!",joy
376,0,Joey,Hey Pheebs!,joy
376,1,Phoebe,Hey!,joy
376,2,Joey,Check it out.  How much of a man am I?!,joy
387,1,Monica,"Hey, are you okay?",joy
387,3,Joey,Cool!!,joy
388,0,Monica,Hey! Where ya headin in those pants? 1982?,joy
388,12,Joey,Itd take forever to pry this up.,joy
392,0,Joey,"Hey, Pheebs! Its Joey!",joy
392,1,Phoebe,"Hey, Joey!",joy
392,2,Phoebe,Hey!,joy
392,3,Phoebe,Ooh!,joy
392,4,Phoebe,Ooh!,joy
392,6,Phoebe,"And I was gonna go over and say hi! but then I figured, he doesnt care if he looks like you.",joy
392,8,Phoebe,"Ohh, theyre having a",joy
392,9,Joey,"Kinda, but Ive just been having way too much fun.",joy
392,12,Phoebe,"All right, the seven of us miss you.",joy
404,0,Joey,"Chandler, Chandler, yknow what we should do? You and I should go out and get some new sunglasses.",joy
404,1,Chandler,"What? No, I want to watch this. . Did your cable go out?",joy
404,9,Joey,"Oh, was she hot.",joy
404,10,Chandler,Whoa ho.,joy
410,3,Ross,"Fine, just stop thinking about me.",joy
410,15,Rachel,"Ross, you're like my best friend.",joy
414,7,Monica,"Yes, you are so smart!",joy
414,8,Joey,"Aww, you guys are so cute!",joy
420,0,Phoebe,"Hey! You guys, Im writing a holiday song for everyone. Do you want to hear it?",joy
420,1,Rachel,"Pheebs, thats great!",joy
420,2,Phoebe,"Oh, yay!",joy
423,9,Joey,"Oh, just had a baby.",joy
423,10,Chandler,Mazel tov!,joy
438,9,Joey,Ha-ha,joy
438,12,Monica,"So um, who was she?",joy
449,4,Ross,Its just that I,joy
449,8,Mona,"And-and to be honest, I-I still have feelings for you.",joy
449,11,Ross,Oh God youre right.,joy
455,10,Julie,Oy.,joy
455,13,Rachel,"Yeah, that'd be great. I'd love it.",joy
464,5,Rachel,"No! No-no, I love it. Thank you.",joy
464,6,Chandler,"Okay, open ours next. Open ours next!",joy
464,11,Rachel,Happy birthday Grandma!,joy
464,14,Rachel,"Thats funny, yeah!",joy
464,16,Rachel,"No, I know! I get it! Its funny!",joy
474,0,Monica,Phoebe! Rachel! Its Monica! I wonder what you could possibly need me for on such short notice!  Oh.,joy
474,2,Monica,For what?,joy
474,11,Monica,"No, what did, that was really sweet.",joy
474,12,Monica,And it kinda works out for the best.,joy
474,14,Monica,"Well now, I get to spend my shower with the only people I really love!",joy
474,15,Monica,"I mean, I get all those presents  without having to talk to people I dont even like!",joy
474,17,Joey,Surprise,joy
475,3,Phoebe,You got it going on!,joy
475,7,Chandler,I don't think so!,joy
477,5,Ross,"I gotta tell you, I-I wasnt expecting to like her at all, I mean I actually wasnt expecting to like anyone right now, but shes really terrific.",joy
477,7,Ross,"No, I-Im saying I liked her.",joy
477,9,Ross,"Pheebs, I think shes great. Okay? Were going out again.",joy
477,13,Joey,"Hey, the fights starting!",joy
478,2,Monica,Hi guys!,joy
478,13,Joey,The Mr. Bowmonts here!!!,joy
480,0,Ross,Hey! How you doing?,joy
480,1,Tag,"Good! Good, long time no see.",joy
489,0,Rachel,Remember when we went to Central Park and rented boats?.. That was fun.,joy
489,1,Ross,Yeah. He could row like a viking.,joy
499,0,Rachel,Were gonna find love!,joy
499,1,Phoebe,Definitely!,joy
499,3,Rachel,Thats what makes it so easy for me to be 80% happy for Monica and Chandler!,joy
499,8,Rachel,Exactly!,joy
499,15,Phoebe,Yeah!,joy
499,17,Phoebe,"Yeah, I locked him years ago!",joy
501,1,Rachel,"Hi Tag! Hey, so did you have fun with uh, with Joey last night?",joy
501,2,Tag,Oh yeah! We went to the Knicks game.,joy
501,3,Rachel,Ohh thats nice.,joy
501,4,Tag,Then we went to this bar and he hooked us up with all these women!,joy
502,0,Monica,"Phoebe, we are so proud of you! You're amazing!",joy
502,2,Rachel,So does it really hurt as bad as they say?,joy
503,1,Chandler,You roll another hard eight and we get married here tonight.,joy
503,3,Chandler,Yes! I love you! I've never loved anybody as much as I love you.,joy
503,4,Monica,I've never loved anybody as much as I love you.,joy
503,5,Chandler,"Okay, so if an eight comes up, we take it as a sign and we do it!",joy
503,7,Monica,Okay!,joy
503,8,Chandler,Okay! Come on! Let's go! All right!,joy
503,12,Chandler,Here it is! Here it is!,joy
504,0,Joey,Well thats it. Im done. Whew!  There come the meat sweats.,joy
504,1,Monica,"Well Joey, were allwere all very proud of you.",joy
504,8,Joey,"Ah, just cut me a little sliver.",joy
507,1,Monica,"Uh, belt's to tight, gotta change the belt.",joy
507,10,Rachel,Could tonight be the Night?,joy
507,12,Monica,Look he's a great guy and I love being with him but... you know.,joy
507,13,Monica,"Things happen, and they happen.",joy
512,0,Rachel,Hi Pheebs!,joy
512,1,Phoebe,Hi!,joy
512,7,Phoebe,Yeah!,joy
516,1,Monica,Oh wait! Stop! Stop! Stop!,joy
516,3,Monica,My boots in tan! Hey! Can you get a little closer so I can see the price?,joy
516,4,Chandler,I can see it from right here. Itll cost you one husband.,joy
517,1,Monica,Oh God!,joy
517,3,Monica,Oh yeah right there!,joy
517,4,Phoebe,You want it there? You take it there baby!,joy
517,6,Phoebe,"Yeah, say my name. Say it!  And now Im going to cover you back up, and umm were never doing this again.",joy
526,0,Ross,"Hi! Hi, Im Ross, you dont know me, but Im a big, big fan of yours. I mean,",joy
526,4,Ross,"No, no, no, its flattery.",joy
526,5,Ross,"Oh no, no, no, wait, wait, Isabella.",joy
526,12,Isabella,Come on!,joy
533,4,Tag,Got it!,joy
533,5,Rachel,Lets roll!,joy
549,0,Joey,"Hi uh, Im Joey Tribbiani and with all do respect Id like to donate some fluids.",joy
549,9,Receptionist,"We already got the results back on that on, and theyre not good.",joy
557,5,Ross,"Oh! Wow! Uh, yeah! That sounds great. Im just gonna put this  back in my pocket, pretend",joy
557,6,Katie,Sure!,joy
560,0,Monica,Honey! Dinners ready!,joy
560,1,Joey,Whats my little chef got for me tonight?,joy
560,2,Monica,Your favorite!,joy
560,3,Joey,"Ho-ho-ho,  fried stuff with cheese!",joy
560,4,Monica,Yep! And lots of it!,joy
560,5,Joey,Thanks sweetheart. Give me a little sugar here.  Okay.,joy
560,6,Monica,"Okay, in we go.",joy
560,7,Joey,Here we go! Here we go! Here we go!  How you doin?,joy
563,7,Rachel,Yes! Totally!,joy
563,8,Kathy,Oh! Thank you! Thank you! Thank you! Yes! Thank you!,joy
564,0,Rachel,"Youarenot going to believe it! Joshua came into work today, and guess what happened?",joy
564,2,Rachel,No. But I was showing him some cufflinks and I felt his pulse.,joy
564,3,Monica,Saucy!,joy
573,1,Rachel,Yep!,joy
573,3,Rachel,"Oh, of course!",joy
573,5,Rachel,"Definitely! Phoebe, you will not find a single game show host, whos ass I cannot kick.",joy
573,6,Rachel,Say it!,joy
573,7,Phoebe,Say we are unagi!,joy
573,9,Rachel,Say it!,joy
584,0,Ross,"Hi! Im so glad youre here, but its gonna be a while. I-I wished youd called first.",joy
584,2,Ross,Oh good.,joy
584,7,Mrs. Geller,"This is your grandmothers engagement ring, I want you to give it to Rachel.",joy
587,1,Mark,"Hi. I just talked to Joanna, and she loves you. You got it, you got the job.",joy
587,3,Mark,Yes.,joy
587,5,Joey,Congratulations...oh..wow,joy
589,4,Joey,Yeah.,joy
589,8,Earl,Because the universe cares!,joy
589,9,Earl,The whole universe!,joy
594,8,Nurse #2,"Its not hopeless! Dr. Stryker Ramorays a miracle worker. Look, here he comes.",joy
594,10,Joey,Im back baby! Ha-ha-ha!,joy
597,0,Monica,Hey sweetie!,joy
597,1,Chandler,Hey!,joy
597,6,Monica,"Oh thats so sweet! Look Chandler I dont care if you cant cry, I love you.",joy
597,8,Monica,Stop it!,joy
602,0,Monica,"I've gotta tell you, Bob is terrific.",joy
602,1,Angela,"Yeah, isn't he?",joy
602,2,Monica,"It is so great to meet a guy who is smart and funny, and has an emotional age beyond, like eight.",joy
602,3,Angela,You know what else? He's unbelievable in bed.,joy
604,0,Pete,"Yeah, sure. Good luck!",joy
604,1,Monica,Im quitting!! Woo-hoo!  Im okay!! Im all right!!,joy
604,8,Pete,Youre good. Youre good!,joy
605,3,Julie,"Oh, thanks, sweetie.",joy
605,4,Ross,No problem. I cannot wait for you to meet my friends.,joy
607,7,Chandler,"Hey, buddy, what's up!",joy
607,12,Chandler,"Well, okay, thanks!",joy
607,13,Rachel,"God, he's good.",joy
608,6,Joey,Bwah-hah-hah!,joy
608,7,Ross,"OK, guys, guys? I have the definitive one. Mwwwooooo-hah-hah...",joy
610,0,Charlie,You blew them away!,joy
610,1,Ross,"Oh, I can't tell you how great it was to look at the crowd and see your face!",joy
610,4,Ross,"No, it's ok! Made me feel like a rock star!",joy
610,6,Ross,I'd better not found you naked in my hotel room!,joy
610,7,Ross,"Look, I took it too far!",joy
618,0,Janice,Yoo-hoo! Aaron Litman-Neurolic would like to say hello to his future bride.,joy
618,1,Rachel,Ohhh!  Wow! He kinda takes your breath away doesnt he?,joy
630,0,Monica,Now there you go! I wouldnt want my best guest to strain her eyes!,joy
630,1,Phoebe,Thanks Monica!,joy
630,5,Phoebe,"I can smell it a little, bake the pie.",joy
630,6,Monica,Okay!,joy
636,0,Rachel,Okay!,joy
636,2,Rachel,I realized it was stupid to get upset about not having a husband and kids.,joy
636,5,Phoebe,"Oh let me guess, and you wanna have them all at the same time and you wanna have them for your brother.",joy
638,3,Mr. Geller,"Hi. God, it seems like just yesterday you guys used to come out to watch me work.",joy
638,8,Monica,"Oh, thats okay, I cant wait to see everything again! All of the memories",joy
645,1,Mrs. Green,Of course I am!,joy
645,13,Ross,Hey!,joy
649,2,Rachel,"Ohh, Lilies. Joey, theyre my favorite. Thank you.",joy
649,3,Joey,"And, a brownie!",joy
649,7,Rachel,Oh man!,joy
649,8,Rachel,This is so great!,joy
649,9,Rachel,I actually feel like Im going on a real date!,joy
649,19,Joey,"Ah Hey, so this roommate of yoursis he good looking?",joy
650,2,Phoebe,"Ha. Ha, ha.",joy
650,8,Rachel,Oooooh.  : Oh! I got an interview! I got an interview!,joy
655,4,Elizabeth,For what its worth I did appreciate you standing up for me. It felt really nice. It kinda made me like you even more.,joy
655,8,Elizabeth,"Just hearing you describe it as forbidden, its really hot.",joy
655,11,Ross,"Well I-I-I dont care how hot it is its-its uh, its wrong.",joy
655,12,Elizabeth,Stop it!,joy
655,13,Ross,No! No! Its wrong! Its-its-its naughty. Its taboo.,joy
655,14,Elizabeth,Shut the book!,joy
655,15,Ross,Lets also get a hot plate!,joy
663,0,Chandler,That was amazing!,joy
663,2,Chandler,That was amazing.,joy
663,3,Monica,We are the hottest! Huh?,joy
667,0,Monica,You're so efficient. I love you!,joy
667,1,Chandler,Let's go!,joy
667,4,Monica,That'll work!,joy
667,6,Monica,"Okay, now we just need something borrowed!",joy
669,1,Rachel,"Oh, not much. I-I got a job.",joy
669,2,Barry,"Oh, that's great.",joy
672,2,Ross,Done!,joy
672,5,Ross,"I mean this-this is clearly very, very important to you, to us!",joy
672,6,Ross,"And so I wanted to read every word carefully, twice!",joy
672,14,Rachel,Are you sure?,joy
672,15,Ross,"Oh, sure! Im sure.",joy
680,0,Monica,"Now, this is last minute so I want to apologize for the mess. Okay?",joy
680,3,Monica,"Now look, theres only one problem though.",joy
680,8,Rachel,Okay!,joy
680,9,Monica,So Rach!,joy
680,10,Monica,Youre the first guest at Hotel Monica!,joy
686,7,Monica,Actually you were a big help tonight.,joy
686,9,Rachel,Well of course that is what Im here for!,joy
689,1,Monica,Yes.,joy
689,7,Monica,"Cause I ran into him at the bank, he is still soo cute.",joy
689,8,Ross,"Monica, youre so lucky! Hes like the most popular guy in school!!",joy
689,9,Monica,"I know!!   Chip? Hi! Its Monica.  Kay.  Kay.  Okay.  Okay, good-bye.  Oh my God, we just had",joy
706,1,Chandler,"Oh! Look at that, time's up! My turn!",joy
706,5,Chandler,"All right, then massage me up right nice!",joy
706,6,Chandler,Ah! Ahh!! Ahh!!,joy
706,8,Chandler,It's so good I don't know what I've done to deserve it!,joy
706,9,Monica,Say good-bye to sore muscles!,joy
706,10,Chandler,Good-bye muscles!!,joy
709,0,Chandler,Hey Joe! You wanna shoot some hoops?,joy
709,1,Joey,"Oh no, I cant go. Im practicing; I got an audition to be the host of a new game show.",joy
720,3,Chandler,Hello children!,joy
720,16,Joey,YES!!,joy
722,3,Chandler,"So you risked your life, for a sandwich!",joy
722,4,Joey,"I know it sounds crazy, but Chandler this is  the greatest sandwich in the world!",joy
722,9,Chandler,Thanks.,joy
722,12,Chandler,"Oh-oi-ho, yeah!",joy
722,16,Joey,Yeah. With a bite!  Gee-e-e-eez!,joy
725,0,Joey,Hey Pheebs!,joy
725,1,Phoebe,Hey!,joy
725,2,Joey,Check it out.  How much of a man am I?!,joy
725,3,Phoebe,Wow! Nice! Manly and also kind of a slut.,joy
725,6,Joey,The silk? Feels really good!,joy
734,1,Kate,Fabulous.,joy
734,2,Joey,"Listen, drama critics theyre nothing but, but people who couldnt make it as actors. You know what you should do?",joy
735,3,Issac,You dog!,joy
735,10,Ross,"Actually, no, were not.",joy
736,0,Ross,Emily!,joy
736,2,Ross,"I just, I had to see you one more time before you took-off.",joy
736,3,Emily,You are so sweet.,joy
736,11,Ross,"I-I-I ah, I-I think I love you.",joy
740,6,Mr. Geller,"Well I dont know, I-I suppose we may have favored you unconsciously, you were a medical marvel! The doctor said your mother could",joy
740,13,Ross,Well-well take stuff from mine and whatever we can pass off as hers well-well put em in there.,joy
743,2,Chandler,Fun’s over,joy
743,5,Monica,"Guys, rules are good! Rules help control the fun!  Ohhh!",joy
747,6,Ross,I do-I do,joy
747,8,Ross,Yeah!,joy
747,11,Ross,What-what-what-what is it?!,joy
747,16,Rachel,I had a crush on a teacher once and it was so hard!,joy
749,0,Monica,A new pair of shoes for the Chan-Chan man!  Yes!,joy
749,1,Chandler,Yes! I've-I've never seen a roll like this in my life!,joy
749,2,Monica,"That's right baby! Okay, what do I want now?",joy
749,5,Chandler,8. 8!,joy
749,6,Monica,Thank you!,joy
749,7,Chandler,"If you get this one, we buy everybody here a steak dinner!",joy
752,2,Carol,I got it!,joy
752,4,Carol,Susan! Hi!,joy
752,5,Susan,Hey!,joy
752,6,Carol,Thank you so much for coming.,joy
752,7,Susan,"Oh, I wouldnt miss it for the world.",joy
752,9,Susan,Hello Ross.  I love what youve done with this space.,joy
752,10,Carol,Thank you so much.,joy
755,6,Ross,I dont have too. I can just look at you.,joy
755,7,Leader,"All right girls, and man. Lets see your final tallies.  Ohhhh, Debbie,  321 boxes of cookies,  Very nice.",joy
763,9,Monica,"Listen, we dont have to make that a guest room, we can think of something to do with the room together.",joy
763,10,Chandler,Thats a great idea! We can,joy
768,5,Monica,This was fun! But I've got an invasive vaginal exam to get to!,joy
768,6,Chandler,"I'd love to stay, but I have eh...  got    a hot date...",joy
776,0,Monica,Hey!,joy
776,1,Rachel,Hey!,joy
776,5,Monica,You were the next caller five hours ago. You must be going crazy.,joy
777,5,Phoebe,"Oh, come on! I think hes ready to get rid of, what did you call it? The cheap knock-offs and dinosaur junk.",joy
777,9,Rachel,"Yknow what? I dont, I dont think Phoebe really wants to come.",joy
777,10,Phoebe,No! I do want to!,joy
777,13,Phoebe,Yeah!,joy
782,2,Mark,Hi!,joy
782,3,Rachel,"Hi! All right, lets go shoppin!!",joy
782,7,Mark,"But since you were with Ross, I-I didnt do anything about it.",joy
789,0,Katie,You were so funny with that waiter! You're such a nut!,joy
789,1,Joey,"Y'know, breadstick fangs are always funny.",joy
789,2,Katie,"No, you make them funny. You're the funny one!",joy
789,8,Joey,"But sometimes when you, when you playfully punch me like that it-it feels like someone's hitting me with a very tiny but very",joy
796,10,Chandler,"See, me, I  love Tulsa!",joy
796,11,Chandler,Tulsa is heaven!,joy
796,13,Ms. McKenna,"Chandler, I…",joy
796,16,Chandler,Wh-why  would I when your name is Elaine?,joy
796,17,Chandler,"Oh what a great picture of your son,  strapping!",joy
796,18,Chandler,"That’s a picture of your daughter, isn’t it,  well she’s lovely.",joy
802,0,Ross,Youre gonna love me so much. I got Sting tickets!!,joy
802,1,Phoebe,Oh my God! I do love you! How did you do it?!,joy
802,3,Phoebe,"Oo, where are the seats?",joy
806,2,Monica,"I know! I know! I am a terrible person! I mean, Chandler is never going to trust me with anything ever again!",joy
806,3,Joey,Oh hey! You got my parents gift!,joy
806,9,Joey,"I do Rach. I do, and I so happy for you.",joy
806,13,Joey,"Hey Rach listen, no matter what this guy says I want you to know youre not gonna be alone in this.",joy
806,17,Joey,"So,  Rachel Green will you marry me?",joy
808,6,Chandler,"Then we will sprinkle rose pedals on the bed and make love. Not just because its romantic, but because I can!",joy
808,7,Monica,I love you!,joy
810,6,Gary,Hi!,joy
810,8,Gary,Its candy time! My roommate says that they taste like little drops of heaven.,joy
810,9,Monica,Oh please!  Did you hear that? Little drops of heaven.,joy
811,0,Joey,Aaron! You gotta let me go. The guys hammered!,joy
811,5,Joey,Yeah! Youyou were wonderful.,joy
811,8,Richard,"Oh, thank you. Youre welcome.",joy
811,10,Richard,Is that my ass?,joy
819,17,Chandler,Thats it?! I gave up my,joy
819,18,Monica,Thats right! You lose sucker!!  Please still marry me.,joy
820,0,Phoebe,Oh hey! How was your audition?,joy
820,5,Joey,"Well no, not yet. But the audition went really good.",joy
820,8,Joey,Its really classy!,joy
820,9,Joey,"Oh, and the director is supposed to be the next next Martin Scorcese.",joy
820,13,Joey,Hello!,joy
820,14,Joey,They loved me!,joy
820,15,Joey,Oh my God!,joy
820,20,Joey,I know! My grandmothers gonna see this!,joy
820,21,Phoebe,Grandmas gonna have to get in line.,joy
824,0,Monica,Hey guys check it out! My mom sent me the paper!,joy
824,1,Phoebe,"Ooh, lets see it!",joy
826,0,Chandler,There he is!,joy
826,1,Monica,Theres our star!,joy
826,3,Chandler,Almost as good as that play with the two naked girls on the see-saw.,joy
827,1,Monica,So then you know?,joy
827,8,Monica,"But there was this stuff on leg waxing, it just, it looked so amazing....",joy
827,11,Phoebe,"Oh, its incredible! I so want to be a Waxine girl.",joy
827,12,Monica,I know!!,joy
827,14,Monica,Hello! Organic substances recently discovered in the depths of the rain forest!,joy
832,9,Ross,"Okay, it was just me and her at the back of the train, and I sat near the door, so shed have to pass by me if she wanted to switch cars.",joy
832,10,Ross,She was totally at my mercy.,joy
832,13,Ross,"She seems really great, but shes like totally great, but she lives two and a half hours away.",joy
832,15,Joey,"Done! I did it! Heh, whos stupid now?",joy
837,1,Phoebe,Its Phoebe! Phoebe!,joy
837,2,Ursula,Hey!,joy
840,0,Phoebe,Hey!,joy
840,1,Rachel,Hi Pheebs!,joy
840,7,Rachel,"Oh, Pheebs, Pheebs...",joy
841,12,Monica,Really?,joy
841,21,Phoebe,I cant believe youre gonna ask Monica to marry you!,joy
844,8,Ross,Im Ross!,joy
844,9,Ross,"Im divorced, and I have a kid!",joy
844,10,Joey,Im Joey! Im an actor! I dont know squat about dinosaurs!,joy
844,12,Ross,"All right, there you go!",joy
844,15,Ross,"Okay, good-good for you.",joy
845,1,Doug,"Its good to have you guys on my team, and I come to play.",joy
845,3,Doug,"Now, lets go out there and get em!",joy
845,5,Chandler,"Yes, but theres two in martini, soo everybody",joy
845,9,Doug,I like funny.,joy
845,10,Doug,"This team is about hard work, but its also about having fun.",joy
845,11,Doug,Good to have you aboard Bing!,joy
847,0,Ross,"Oh, that is so sweet.",joy
847,1,Ross,"No, no, ok, you hang up.",joy
847,2,Ross,"Ok, ok, one, two, three.",joy
847,3,Ross,Well you didn't hang up either.,joy
847,4,Rachel,She didn't hang up either...,joy
847,5,Ross,"Ok, no, no, you hang up. You, you, y",joy
853,5,Phoebe,"Well, I would love to butthe bike got stolen and the police have no suspects.",joy
853,13,Ross,Great! Great!  Youre making the bike very happy.,joy
855,0,Joey,Everything on your application looks really goodOhh!,joy
855,3,Joey,"Whoa!! Now look, dont be just blurtin stuff out. I want you to really think about your answers. Okay?",joy
855,4,Chandler,You can call off the roommate search!  Hi! Ill be living here.,joy
866,2,Emily,"I tell you, this wedding is not going to happen.",joy
866,7,Emily,Its perfect.,joy
866,8,Ross,"And, I dont know, if it starts to rain",joy
875,1,Chandler,"Okay, great.",joy
875,7,Hotel Clerk,Our last ocean view room was unacceptable to you.,joy
877,0,Phoebe,Hey!,joy
877,2,Phoebe,"Oh, I wouldnt miss this.",joy
877,3,David,"Well, Im very glad youre here.",joy
877,4,Phoebe,"Oh, youre such a gentleman.  Come on! Were going to my place!",joy
884,1,Joey,"Great! All right, so Ill call you later.",joy
884,2,Casey,Great!,joy
888,6,Ross,I like that.,joy
888,14,Ross,"Yeah? I can use that, trick hip, no cup, okay! Okay!",joy
888,16,Ross,"But-but, Liams on my team.",joy
888,18,Ross,"Im gonna go get him! Okay, I am going back in!",joy
888,19,Joey,The Red Ross! Okay.,joy
898,0,Joey,Seven hundred bucks!,joy
898,1,Chandler,"Alright, you did it! Do we have any fruit?",joy
898,2,Joey,"Man, hell of a two weeks, huh? Y'know what, though? I really feel like I learned something.",joy
900,4,Phoebe,"Nice,  thank you.",joy
900,7,Mischa,Your eyes are very pretty.,joy
900,8,Phoebe,"Thank you, very much! Oh!  Thank you!",joy
900,11,Phoebe,No-no-no-no!!,joy
904,5,Rachel,Thank God.,joy
904,6,Monica,"I guess Joey was right, it does nothing.",joy
905,4,Rachel,"Oh, she's coming up! She's coming up!",joy
905,8,Rachel,"No way, forget it.",joy
905,11,Rachel,"Chandler, I gotta tell you, I love your mom's books!",joy
905,12,Rachel,I love her books!,joy
905,13,Rachel,I cannot get on a plane without one!,joy
905,14,Rachel,"I mean, this is so cool!",joy
905,16,Ross,"C'mon, Chandler, I love your mom. I think she's a blast.",joy
913,8,Joey,"All right! But uh, listen, what do you say we crank it up a notch?",joy
913,11,Chandler,"Okay, but be careful okay, because I wanna get our security deposit back.",joy
913,12,Joey,"Yeah, I think we said good-bye to that when we invented hammer darts.",joy
923,3,Chandler,Right! I just think that this is happening too soon.,joy
923,8,Janice,"Too London? No-no, Rome? Vienna? Ooh-ooh, Barcelona?",joy
923,13,Chandler,But I do know that its some time tomorrow.,joy
924,0,Phoebe,"Ooh, this is it!  Oh, thats him! Thats him!",joy
924,1,Joey,Great! Go get him.,joy
930,0,Phoebe,Hey! Ross!,joy
930,9,Ross,And itll be cool to see it again! Yeah!,joy
939,5,Rachel,Well…did you know he was gonna ask me?,joy
939,7,Phoebe,I’m like the one who talked him into it.,joy
939,14,Phoebe,Especially Ross!,joy
939,17,Phoebe,"There he goes, your fiancée.",joy
941,13,Julio,I can write an epic poem about this lip.,joy
941,14,Monica,"How would that go?  Well, it didn't rhyme, but I liked it.",joy
945,3,Monica,"Gee, I dont know Rach. Order up!! I got a Yentel soup, a James Beans, and a Howdy hold the Dowdy!",joy
945,10,Rachel,"Oh well then, so Im just going to go back to talking to my friend here.",joy
945,11,Rachel,And you can go back to enjoying your little hamburger.,joy
945,13,Rachel,Yes?!,joy
946,6,Phoebe,"Where?  Ooh, come to Momma.",joy
946,8,Phoebe,We should do something. Whistle.,joy
946,12,Phoebe,Do it!,joy
946,14,Phoebe,Do it do it do it!,joy
946,15,Monica,Woo-woo!,joy
948,3,Phoebe,Olé!,joy
948,5,Phoebe,"Well, you said that you had customers lined up in the street,    so I am here to entertain!",joy
948,6,Monica,Great!,joy
948,7,Phoebe,Yeah!,joy
948,8,Phoebe,"It really has been great too, you know, some of this people    must have seen me play before because they were requesting a bunch of my songs!",joy
948,9,Phoebe,"Yeah, ""You suck"" and ""shut up and go home"".",joy
948,10,Monica,Listen Phoebe...,joy
949,2,Joey,"Hey, it hasn't come to that yet.",joy
949,3,Joey,Hey hey hey! Don't mind if I do!,joy
949,10,Rachel,And... that's the most sex I'm gonna have this weekend.,joy
962,0,Chandler,That was amazing.,joy
962,2,Monica,"Hey, do you realize we may have just changed our lives forever?",joy
962,3,Monica,We may have just started a family.,joy
962,4,Monica,"Nine months from now we can be here, having our own baby.",joy
964,1,Rachel,Oh yeah!,joy
964,2,Ross,"Well, y'know how I'm trying to work things out with Emily.",joy
965,2,Chip,"Hey, Rach! How ya doin?",joy
965,3,Rachel,Im great! Im great. Ive got a great job at,joy
967,4,Rachel,"Oh, shes like ummohwhos that kind of annoying girl soccer player?",joy
967,6,Rachel,Mia Hamm!,joy
967,7,Joey,Oh thats amazing.,joy
972,2,Ross,Thank God.,joy
972,6,Ross,"Ooh, remember the time I uh, I pinned you down and tickled you til you cried?",joy
972,8,Cassie,"Ill always remember that summer, because its when I got all of these freckles.",joy
972,9,Ross,Uh-huh! Uh-huh! And-and-and Ill always remember that summer because thats when I realized that we are related.,joy
973,4,Monica,"Richard's living room, drinking wine.",joy
973,12,Phoebe,"All right, there are no questions in the happy place. Okay, just, the warm breeze, and the moonlight flowing through the trees....",joy
973,16,Phoebe,"Just-just, you know, the-the lovely waterfalls, and the, the trickling fountains.",joy
977,5,Ross,You are totally jealous.,joy
977,13,Rachel,"Well, there's a kiss that he won't forget for a couple of hours, y'know.",joy
979,1,Joey,Dude!,joy
979,2,Chandler,And hats off to Phoebe. Quite a competitor.  And might I say your breasts are still showing.,joy
979,4,Joey,All right! So that's it! It's over! Everybody knows!,joy
982,3,Chandler,"Ho-ho, you win! 50 dollars!",joy
982,10,Joey,Damn! I am good at Cups!,joy
984,0,Phoebe,Oh hey Joey! What's up?,joy
984,5,Joey,Great! Problem solved!,joy
991,11,The Cooking Teacher,"Well, hats off to the chef.",joy
991,13,The Cooking Teacher,The chef!,joy
991,14,Monica,Thats right.,joy
993,0,Ross,Hey!,joy
993,1,Joey,Hey!,joy
1001,3,Monica,"It turns out they fired the head lunch chef, and guess who got the job.",joy
1001,5,Monica,"Fortunately, it is me.",joy
1001,6,Monica,"And, they made me head of purchasing, thank you very much.",joy
1001,7,Monica,"Anyway, I just ran into Ross and Chandler downstairs, and they think we should go out and celebrate.",joy
1001,10,Rachel,Yeah!,joy
1005,1,Phoebe,"Ooh, absolutely!",joy
1005,2,Larry,Great! How about you wanted to go the Italian place down on Bleaker Street right?,joy
1005,10,Phoebe,"Okay, let's go!",joy
1005,18,Phoebe,Thank you.,joy
1015,2,Petrie,Loved your Stevie Wonder last night.,joy
1015,6,Chandler,"You have to give 'em something, you know.",joy
1024,0,Joey,Hi!,joy
1024,1,The Potential Roommate,Hi!,joy
1024,4,The Potential Roommate,Great!,joy
1024,11,Joey,Very good! Okay. G.,joy
1024,13,Joey,"Excellent! Okay umm, doggy.",joy
1026,0,Monica,You are so cute! How did you get to be so cute?,joy
1026,1,Chandler,"Well, my Grandfather was Swedish and my Grandmother was actually a tiny little bunny.",joy
1026,2,Monica,"Okay, now you're even cuter!!",joy
1026,7,Chandler,I'm telling you I think Phoebe thinks I'm foxy.,joy
1026,8,Monica,That's not possible!,joy
1026,10,Monica,"I'm sorry it's just, Phoebe just always thought you were, you were charming in a, in a sexless kind of way.",joy
1029,2,Ben,Thats a good one.,joy
1029,4,Ben,"Yeah, youre funny.",joy
1029,6,Rachel,Oh thank God!,joy
1029,7,Rachel,"Well hey, Ive got a ton of these!",joy
1029,14,Rachel,"Yeah, I-I-I-Im funny Ben, but Im not stupid. Okay?",joy
1031,2,Chandler,"Excuse me, Doug?  Hey there sports fan!!",joy
1031,3,Doug,Bing! You got those numbers for me?,joy
1038,1,All,Hey!,joy
1038,17,Joey,"That was a good one. For a second there, I was like, ""whoa.""",joy
8,7,Monica,"No! No you should! A lot of major actors do nude scenes! I mean, the chance to star in a movie? Come on!",joy
8,14,Joey,Its really sweet and-and tender.,joy
15,0,Rachel,Thank you.  Oh Joey and look at this crib! Its so cute!,joy
15,1,Joey,I know! I found it on the street.,joy
28,2,Joey,"Man, it must be so cool remembering stuff like that! I don't have any past life memories.",joy
28,7,Phoebe,"Oh no, I know! I know! It's the one where Joey got Monica's turkey stuck on his head!",joy
30,8,Joey,"Yeah, youre great! Okay, lets take it from",joy
30,9,Phoebe,"No, I mean I was really acting my ass off.",joy
30,10,Joey,"Yeah, I thought I was pretty good too.",joy
39,1,Monica,"We could, or we can have sex in it.",joy
39,2,Chandler,"Well let me think about that, while I remove my pants!",joy
44,5,Jen,Sure! That would be nice.,joy
44,7,Jen,Oh! My number is on there.  Give me a call.,joy
44,10,Ross,Okay!,joy
48,1,Rachel,"Oh, oh, oh, Ill get Rainy Day Bear!!",joy
48,2,Monica,"Because hell know what to do?  Oh my God, youre a genius!",joy
53,0,Joey,"Really? In the moment, I really wanted to kiss you too. In the moment.",joy
53,2,Joey,But only in the moment. So do ya wanna kiss again?,joy
53,7,Janine,"Joey, you dont have to count down every time we kiss.",joy
53,8,Joey,"Uh, yeah, okay. Except I sorta felt like I needed a couple of seconds to get ready.",joy
58,5,Joey,Hey Mon! Want some pancakes?,joy
58,7,Joey,Yep! Grab a plate.,joy
58,11,Ross,Oh yeah!,joy
61,0,Monica,Hey!,joy
61,1,Phoebe,Hey!,joy
61,5,Phoebe,"Ohh, Monica, I am so excited for you.",joy
63,0,Ross,"and then, we couldve gone from the ceremony to the reception with you in the sidecar!",joy
63,3,Rachel,It was really fun being married to you tonight.,joy
63,4,Ross,"Yeah! And! And, it was the easiest 400 bucks Ive ever made.",joy
63,10,Rachel,"With the, with the lilies, and-and the song, and the stars!",joy
63,11,Rachel,It wasreally wonderful!,joy
65,0,Rachel,And thats Im so glad theres no problem.,joy
65,2,Rachel,Ohh! Thats great!,joy
65,5,Joanna,No-ho-ho!,joy
65,10,Joanna,"Kidding! God, I feel wild today!",joy
69,0,Rachel,"Oh, hi! How are you doing?",joy
69,4,Ross,Y-You're going?,joy
76,0,Chandler,I know!,joy
76,4,Chandler,"Okay, you know, you know when your in bed, with a woman.",joy
76,6,Chandler,"And, ah, you know, your fooling around with her.",joy
76,7,Chandler,"And you get all these like, mental images in your brain, you know, like Elle MacPherson, or that girl at the Xerox place....",joy
76,8,Ross,"With the belly-button ring? Oh, muhawa!",joy
81,0,Elizabeth,You wanted to see me Professor Geller?,joy
81,2,Ross,Oo-oo!,joy
82,0,Joey,Pretty great! Except I did get a little attitude from the robot.,joy
82,13,Estelle,"Joe! Im glad I found ya, I got an audition for ya!",joy
94,1,Carol,"Ross, you're being silly. I've tried it, it's no big deal. Just taste it.",joy
94,5,Susan,Cantaloupe juice.,joy
99,0,Monica,"Hey, guys, guys, did you see my new, china cabinet?!",joy
99,2,Phoebe,"Watch, watch.",joy
99,4,Phoebe,"And, and!",joy
104,0,Chandler,"Oh-oh, I'm a duck! I go, ""Quack, quack!"" Im happy all the time!",joy
104,2,Monica,"Wait, wait, wait!",joy
104,6,Monica,I bet this will work!,joy
104,7,Chandler,You are so great! I love you!,joy
104,14,Monica,You love me!,joy
105,4,Chandler,Jenny! That is so Jenny!,joy
105,8,Monica,"Okay umm, the week after that?",joy
105,9,Monica,The week after that?,joy
108,10,Frank,"Yeah, I love you. Okay, bye!  Hi!",joy
108,11,Rachel,Hi!,joy
110,5,Phoebe,"God, oh its just perfect!",joy
110,6,Phoebe,I bet it has a great story behind it too.,joy
110,8,Rachel,"Yes! That I know, this is from White Plains.",joy
110,9,Phoebe,"White Plains. Oh, it sounds like such a magical place.",joy
8,1,Chandler,"Well, that makes me feel so good.",joy
8,6,Jade,"Well there really wasn't much time to get used to it, you know what I mean?",joy
14,1,Joey,Yeah!,joy
14,2,Joey,Yeah!,joy
14,3,Joey,Yeah!,joy
14,6,Phoebe,Hey!,joy
14,7,Joey,Hey-hey-hey!,joy
14,9,Phoebe,Were just celebrating that Joey got his health insurance back.,joy
15,0,Phoebe,"Yeah! Sure! Yep!  Oh, y'know what? If I heard a shot right now, I'd throw my body on you.",joy
15,1,Gary,Oh yeah? Well maybe you and I should take a walk through a bad neighborhood.,joy
15,2,Phoebe,Okay!,joy
22,0,Chandler,Hey!,joy
22,3,Monica,"Yeah, it did.",joy
22,12,Monica,You are so cute!,joy
22,13,Monica,No.,joy
22,15,Monica,You deal with it and move on!,joy
22,17,Chandler,Really? Okay. Great!,joy
22,18,Monica,"Ohh, welcome to an adult relationship!",joy
30,1,Janice,"Oh. God, crazy Chandler. He spun me...off...the...bed!",joy
30,2,Rachel,Wow! Spinning that sounds like fun.,joy
30,3,Janice,"Oh,  I wish. No, you know he was just trying Ross's Hug and Roll thing.",joy
32,1,Phoebe Sr,"Take it easy--if you want, theres cookies on the counter, or, or--sangria!  I can make sangria!",joy
32,12,Phoebe,"Yeah, no, it was great.",joy
38,0,Student,"Guess what, I got an audition!",joy
38,1,Joey,"Awww, one of my students got an audition. Im so proud.",joy
38,3,Joey,You bet! Whats the part?,joy
38,4,Student,"Oh its great, its a role on",joy
49,0,Monica,Hi!,joy
49,1,Chandler,Hi!,joy
49,9,Chandler,Hey!,joy
49,11,Chandler,Y'know we'd have no interruptions and we could be naked the entire time.,joy
49,14,Monica,"Ohh, I've always wanted to go to this culinary fair that they have in Jersey!",joy
51,0,Joey,Hey!,joy
51,1,Rachel,Hi!,joy
53,2,Monica,"Okay, look at this one. This is my favourite.",joy
53,3,Rachel,"Oh, that is so sweet!",joy
53,4,Monica,I know! Phoebe is gonna love dressing them in these!,joy
53,9,Monica,"Unless, we give her all gifts she can use after shes done being pregnant.",joy
53,11,Rachel,"Oh, and somebody can get those leather pants shes always wanted!",joy
53,12,Monica,"Oh, shes gonna love that!",joy
56,2,Rachel,"Oh. Oh, its beautiful. I see it now.",joy
56,5,Ross,"Come on! Come on! Here, okay-okay, you see this?  This tiny thing that looks like a peanut?",joy
56,7,Ross,Sweetie thats it.,joy
56,8,Rachel,"Thats it? Well I saw that! Ohh-ohh-oh, thank you.",joy
56,11,Ross,"Yeah, thats our baby.",joy
57,1,Chandler,"We were playing Gin? Y'know if we were a couple, we could play this game naked.",joy
57,2,Monica,Will you stop!,joy
57,4,Monica,"Okay, all right, I think youre great, I think youre sweet, and youre smart, and I love you.",joy
58,0,Chandler,Hey!,joy
58,1,Monica,Hey!,joy
58,2,Chandler,Let me tell you about this chick I scored with last night! Oh no wait a minute that was you!,joy
58,3,Monica,"Hey, check me out, Im a slut!",joy
58,12,Chandler,"Yeah! Totally! Totally, and you?",joy
58,13,Monica,"Great! Its so amazing! I mean, last time Dr. Roger came over, I was",joy
68,7,Rachel,Is he romantic with her?,joy
68,9,Rachel,Are they in love?,joy
68,12,Joey,"Ohh, I know one thing!",joy
68,13,Rachel,What?,joy
70,17,Ross and Chandler,Come on! Joe!,joy
70,22,Joey,"It's like my favorite fairy tale come true!  The princess, the stable boy and the lesbian!",joy
71,0,Joey,"And whats cool is, the character is from Naples, right?",joy
71,2,Joey,My whole familys from Naples!,joy
71,4,The Casting Director,"Joey, this is the awkward part.",joy
71,12,Joey,One hundred percent natural!,joy
92,0,Monica,I can't wait to be with you!,joy
92,3,Chandler,Laundry. Huh. Is that my new nickname?,joy
92,4,Monica,"Awww, y'know what your nickname is, Mr. Big",joy
97,0,Joey,"Hey Monica, it's Joey!",joy
97,1,Monica,"Hey Joey! Aww, you remembered even though you're a big star!",joy
97,11,Joey,"Everybody smile!  Okay, thanks a lot! Enjoy your stay at",joy
107,2,Rachel,"Do you still have that, um, Navy uniform?",joy
107,5,Ross,I think I have an old band uniform from high school.,joy
108,5,Phoebe,Hi. Y'know in England this car would be on the other side of the store.  Woo!,joy
108,6,Monica,"Oh! Ohhhhh! Oh! Phoebe, come here. Aw, this is my new bed. You gotta feel this bad boy.",joy
108,9,Phoebe,"Aw, all right take this bed, you can make other friends.",joy
109,0,Lorraine,"You know, ever since I was little, I've been able to pick up quarters with my toes.",joy
109,1,Joey,"Good for you.  Uh, quarters or rolls of quarters?",joy
120,0,Chandler,Sure!,joy
120,2,Monica,With a mahogany sleigh bed and bedside tables with flowers on them all the time!,joy
120,3,Monica,And we could have a roll top desk with comment cards on them so people could say how much they loved staying here!!,joy
120,5,Chandler,"Well, I like that idea.",joy
120,6,Chandler,Obviously!,joy
120,10,Chandler,"Okay so you mean no as in, ""Gee Chandler, what an interesting idea. Lets discuss it before we reject it completely.""",joy
121,0,Monica,"Y'know, I love doing crossword puzzles with you honey!",joy
121,1,Joey,"Aww, me too. Now let's finish this and go to bed.",joy
121,4,Monica,Yes! You are so smart!  I love you.,joy
121,5,Joey,I love you too.,joy
125,0,Rachel,Hi!,joy
125,11,Joey,"Hey, funny you should call.",joy
126,1,Paul,I know. I like it up here.,joy
126,2,Rachel,I feel like were the only two people in the world.  Oops. Sorry.,joy
126,13,Paul,Here you go honey!,joy
126,14,Rachel,Ahh. Thank you!,joy
132,4,Phoebe,"Oh yay! Great! Okay, what room number is he in?",joy
132,16,Joey,"816, thank you!",joy
140,5,Ross,Write a movie!,joy
140,9,Joey,"Wait a second, I could star in it!",joy
146,0,Ross,"Hey! Oh listen, I was just clearing some space for your stuff.",joy
146,5,Rachel,"Yeah, I feel kinda bad for them, but Im also really psyched cause I dont have to move in here!",joy
146,6,Ross,"Oh no, yeah no, that parts great!",joy
153,8,Rachel,"Amazingly, that makes sense.",joy
153,10,Joey,"Oh, yeah. Go for it man, jump off the high dive, stare down the barrel of the gun, pee into the wind!",joy
156,0,Doug,"Bing! Were all set for tonight, 8 oclock.",joy
156,1,Chandler,"Oh uh, as it turns out, we cant do it. Monica has to work.",joy
156,7,Chandler,Well now-now youre just talking crazy.,joy
156,11,Doug,"And the way she looked at me, pure lust.",joy
156,14,Doug,"Now heres the plan, grab your coat, were going to a strip club.",joy
161,3,Ross,"Oh, I found it!",joy
161,4,Chloe,Thats so great for you guys!,joy
161,6,Ross,"Oh, thank you.  Hey, hey.  Rachel!!!!",joy
161,10,Ross,"Yes, you can, very much.",joy
167,5,Rachel,"Oh-oh-oh, symbolism! And uh, the-the uh, wildness of the mores, which",joy
167,6,The Teacher,Excellent! What Rachel has shrewdly observed here,joy
181,1,Rachel,You're so pretty.,joy
181,2,Phoebe,Hi!,joy
185,3,Joey,"Hey Ross! Listen, do you want to go see that new Imax movie on tide pools?",joy
185,6,Ross,Sweet!,joy
187,3,Nancy,"She is kidding, but don't ever disagree with her again. Okay, now I'm kidding!",joy
187,4,Rachel,"Oh, what a fun office.",joy
195,6,Monica,"I mean gosh, Chandler what you did, it's, it's a wonderful thing and I really appreciate it.",joy
195,7,Monica,"I know I have this weird thing where I want everything to be in the perfect place, but I'd never expect you to worry about that.",joy
195,10,Chandler,Oh well you're the best. You come here to me.,joy
203,6,Bonnie,Yeah!,joy
203,8,Bonnie,"Y'know what, I should do it.",joy
203,9,Rachel,Yeah!,joy
203,10,Bonnie,"Yeah, thank you Rachel, you are soo cool.",joy
213,5,Monica,"Sweetie, with you its gonna be different. The sex is gonna be great, cause you-you guys are in love.",joy
213,7,Rachel,Yeah!,joy
214,5,Joey,"I mean, yknow, Im not really that comfortable dancing with a We-he!!",joy
214,6,Joey,Hey!,joy
214,7,Mr. Treeger,: Yeah!,joy
216,0,Rachel,"Yeah, I-I heard.  I think its great!  Ohh, Im so happy for you!",joy
216,1,Monica,I cant believe youre getting married!,joy
229,0,Rachel,"Ohh, I mean its just so realistic!",joy
229,2,Rachel,Pat the dog. Oh! Oh! I get it!!,joy
229,5,Joey,"Pretty cool, huh?",joy
229,9,Rachel,"Okay.  God yknow, if someone told me a week ago that I would be peeing in Joey Tribbianis apartment",joy
229,10,Joey,"Yeah, lifes pretty great isnt it?",joy
232,5,Rachel,I dont care! I wanna meet this guy who's the best sex she ever had!,joy
232,8,Chandler,Because I'm very happy for him!  And,joy
233,5,Rachel,"Oh, it's so much more fun with you.",joy
233,6,Phoebe,"We did have fun, didn't we?",joy
233,7,Rachel,We did!,joy
233,9,Rachel,"Oh, I would love to!",joy
233,10,Phoebe,"Yay, okay!",joy
233,11,Rachel,"Good, good, good, good, good.",joy
234,12,Rachel,"Tommyyyy! Say, whats your favourite thing about summer?",joy
234,14,Chandler,"Ohh, thats a good one.",joy
237,7,Phoebe,That's so great! 'Cause you already know how to do that!,joy
237,10,Monica,"Here you go, maybe this'll cheer you up.",joy
241,1,Joey,Yeah!,joy
241,2,Joey,Much!,joy
241,5,Joey,Yeah! Okay!  Hey! Hi!,joy
241,6,Woman,Hi!,joy
241,9,Joey,Oh! Maybe its because Im on television. Im an actor on,joy
249,0,Mr. Kaplan,Eh.,joy
249,5,Rachel,"Oh, that sounds great.",joy
249,7,Rachel,"Oh thank you so much Mr. Kaplan, thank you so much.",joy
255,1,Monica,"Okay, I-I d'know, you-you just- you have a quality.",joy
255,4,Monica,"Hello? Hello? Oh! Rachel, it's Paolo calling from Rome.",joy
255,7,Rachel,"Monica, your dad just beeped in, but can you make it quick? Talking to Rome.  I'm talking to Rome.",joy
258,9,Joey,"Joe Stalin. Y'know, that's pretty good.",joy
258,11,Joey,Joseph Stalin. I think you'd remember that!,joy
258,12,Chandler,"Oh yes! Bye Bye Birdie, starring Joseph Stalin. Joseph Stalin is the Fiddler on the Roof.",joy
261,1,Ross,Yeah!,joy
261,2,Joey,Thanks!,joy
261,4,Joey,Done!,joy
262,1,Monica,"Hi! Hey, Pete youre back! Hey, check this out.",joy
262,2,Pete,Wow! Skates!,joy
262,5,Monica,"Oh, whatd ya bring me?!",joy
262,6,Monica,"Awww, hotel toiletries from Japan.",joy
262,7,Monica,"Oh, these are gonna go in my permanent collection.",joy
262,15,Pete,I bought a restaurant and I would like you to be the head chef.,joy
269,2,Monica,"We're kidding. C'mon, tell us!",joy
269,3,All,Yeah! C'mon!,joy
270,10,Ross,"Hey, hey, Yertle the Turtle. A classic.",joy
270,13,Susan,"What, you don't think they can hear sounds in there?",joy
274,3,Chandler,Yeah! You wanna come?,joy
274,4,Joey,Yeah!,joy
